mod	motif	regexp	score	fg_match	fg_size	bg_match	bg_size	fg/bg	unadjusted_p-value	tests	adjusted_p-value
S	xxxRRx_S_xxxxxx	...RR.S......	158.75	158	1196	14	1196	11.3	2.3e-034	427	9.9e-032
S	xxxxxG_S_Pxxxxx	.....GSP.....	90.21	42	1196	4	1196	10.5	1.9e-009	351	6.6e-007
S	xxxxGx_S_Pxxxxx	....G.SP.....	71.20	40	1196	4	1196	10.0	6.5e-009	342	2.2e-006
S	xxxRKx_S_xxxxxx	...RK.S......	91.56	91	1196	8	1196	11.4	6.7e-020	338	2.3e-017
S	xxxxSx_S_Pxxxxx	....S.SP.....	67.71	58	1196	9	1196	6.4	2.0e-010	333	6.8e-008
S	Qxxxxx_S_Pxxxxx	Q.....SP.....	45.79	18	1196	2	1196	9.0	1.9e-004	303	5.6e-002
S	xGxxxx_S_Pxxxxx	.G....SP.....	38.58	29	1196	4	1196	7.2	4.8e-006	298	1.4e-003
S	xxxxxx_S_PTxxxx	......SPT....	33.54	23	1196	4	1196	5.8	1.4e-004	291	4.1e-002
S	xxxxxx_S_PxSxxx	......SP.S...	27.94	45	1196	11	1196	4.1	2.1e-006	276	5.8e-004
S	xxxxxx_S_DxExxx	......SD.E...	38.26	48	1196	8	1196	6.0	1.7e-008	277	4.6e-006
S	KxxRxx_S_xxxxxx	K..R..S......	29.88	40	1196	5	1196	8.0	3.1e-008	257	7.8e-006
S	xxxxxx_S_Pxxxxx	......SP.....	17.83	341	1196	128	1196	2.7	7.8e-029	249	1.9e-026
S	xxxRxx_S_xxxxxx	...R..S......	22.72	421	1196	124	1196	3.4	1.7e-049	232	3.9e-047
S	xxxKRx_S_xxxxxx	...KR.S......	55.16	33	1196	2	1196	16.5	1.5e-008	184	2.8e-006
S	xxxxxx_S_Lxxxxx	......SL.....	13.66	145	1196	75	1196	1.9	4.4e-007	175	7.6e-005
S	xxxxxx_S_ExExxx	......SE.E...	19.45	35	1196	10	1196	3.5	1.1e-004	160	1.7e-002
S	xxxxxx_S_Fxxxxx	......SF.....	6.42	51	1196	22	1196	2.3	3.8e-004	145	5.4e-002
T	xxSxxx_T_Pxxxxx	..S...TP.....	26.92	15	126	1	126	15.0	1.8e-004	73	1.3e-002
T	xxxxxx_T_Pxxxxx	......TP.....	14.14	72	126	24	126	3.0	2.9e-010	54	1.6e-008

# MoMo (Modification Motifs): Version 5.0.5 compiled on Jun 20 2019 at 19:16:05
# The format of this file is described at http://meme-suite.org//doc/momo-output-format.html.
# momo motifx --oc sy351_up_final_motifs --width 13 --min-occurrences 10 --remove-unknowns F --verbosity 4 upseqs_FINAL.txt
